,en,ber,gv,jap,kj,kwn,lun,mos,ng,nyk,ss
0,"Is there a red sandal here?| bleu: 100.0, sim: 1.0","Is there stars around here?| bleu: 19.43, sim: 0.3499999940395355","Open a new tab| bleu: 7.55, sim: -0.05000000074505806","""Is there any red cedars?| bleu: 15.62, sim: 0.5199999809265137","Is there any other place in which you live?| bleu: 9.29, sim: 0.25","Is there a better place?| bleu: 27.48, sim: 0.41999998688697815","Has there ever been fire?| bleu: 8.17, sim: 0.25999999046325684","Is this unleavened bread?| bleu: 8.52, sim: 0.23000000417232513","Is there a figurative place?| bleu: 27.48, sim: 0.41999998688697815","Is there any powerful miracle?| bleu: 15.21, sim: 0.28999999165534973","Is There a Battle for People in the world?| bleu: 5.52, sim: 0.15000000596046448"
1,"What color is the bike?| bleu: 100.0, sim: 1.0","What color is that bicycle?| bleu: 32.47, sim: 0.9399999976158142","What is your Facebook username?| bleu: 10.68, sim: 0.2800000011920929","What profit has been done to Tema?| bleu: 6.57, sim: 0.15000000596046448","How do humans feel about their repentance?| bleu: 5.52, sim: 0.05999999865889549","What can we learn from Jesus'example?| bleu: 7.81, sim: 0.17000000178813934","What is the Mount of Olives?| bleu: 15.62, sim: 0.3799999952316284","What shows that Paul was long - suffering?| bleu: 5.67, sim: 0.09000000357627869","How does a person's insight become wise?| bleu: 5.52, sim: 0.20000000298023224","What is water?| bleu: 12.75, sim: 0.27000001072883606","What tools have been published in gold?| bleu: 6.57, sim: 0.25999999046325684"
2,"Where is the dog laying?| bleu: 100.0, sim: 1.0","Where's the dog?| bleu: 21.44, sim: 0.7200000286102295","What is your Facebook password?| bleu: 9.65, sim: 0.12999999523162842","Where is dogs? Where is the dogs? Where is the dogs?| bleu: 11.36, sim: 0.6299999952316284","Where would you come from the dead?| bleu: 7.27, sim: 0.4300000071525574","Where is it?| bleu: 21.44, sim: 0.5","Or where?| bleu: 0.0, sim: 0.36000001430511475","How so?| bleu: 0.0, sim: 0.1599999964237213","Where are humans?| bleu: 11.52, sim: 0.28999999165534973","Where does light shine in one place?| bleu: 6.57, sim: 0.14000000059604645","What was the dogs?| bleu: 10.4, sim: 0.5299999713897705"
3,"Is this a child room?| bleu: 100.0, sim: 1.0","Is this a bedroom?| bleu: 34.98, sim: 0.6100000143051147","Was this review?| bleu: 11.52, sim: 0.2800000011920929","""Isn't this the child become a little child?| bleu: 5.93, sim: 0.800000011920929","Where is the child?| bleu: 10.4, sim: 0.7400000095367432","Is that really a child?| bleu: 19.3, sim: 0.8199999928474426","Is this young child still a child?| bleu: 16.52, sim: 0.800000011920929","Is that true of this young woman?| bleu: 7.27, sim: 0.5400000214576721","Is this child better?| bleu: 20.8, sim: 0.7099999785423279","Does that child?| bleu: 11.52, sim: 0.8100000023841858","Would the child have the child's ability?| bleu: 6.57, sim: 0.7699999809265137"
4,"What kind of animal is shown?| bleu: 100.0, sim: 1.0","What is the animal so beautiful?| bleu: 9.29, sim: 0.5899999737739563","What is your Windows Live ID?| bleu: 8.64, sim: 0.23000000417232513","What does the animals have to me? Or what is the profit to me, or to its profit?| bleu: 2.39, sim: 0.41999998688697815","What does it mean to have a precious animal?| bleu: 5.52, sim: 0.5","What do animals show?| bleu: 8.52, sim: 0.7599999904632568","What does the wild beast reveal?| bleu: 7.81, sim: 0.5199999809265137","What kinds of animals are highlighted?| bleu: 8.64, sim: 0.7799999713897705","What animal animal choice does kindness show?| bleu: 7.27, sim: 0.6299999952316284","What is represented by the incense?| bleu: 8.64, sim: 0.30000001192092896","What kind of animal is produced?| bleu: 64.35, sim: 0.8100000023841858"
5,"How many yellow vases?| bleu: 100.0, sim: 1.0","How many dress does her have?| bleu: 14.54, sim: 0.30000001192092896","What is your Windows Live ID?| bleu: 6.57, sim: 0.05999999865889549","How many say they at the same time? of whom do the rest know how many things they are of John's.| bleu: 3.64, sim: 0.12999999523162842","What do many people say?| bleu: 9.65, sim: 0.20000000298023224","How were they used?| bleu: 12.7, sim: 0.09000000357627869","What Is the difference?| bleu: 10.68, sim: 0.1599999964237213","How have many shown their identity as Christians?| bleu: 6.27, sim: 0.1599999964237213","How do many survive?| bleu: 14.06, sim: 0.10999999940395355","How have many been able to stop the printing press?| bleu: 4.93, sim: 0.17000000178813934","In what way survived?| bleu: 10.68, sim: 0.10999999940395355"
6,"What color is the tip of the birds' tails?| bleu: 100.0, sim: 1.0","What's your favorite TV TV TV TV TV TV restaurant?| bleu: 3.75, sim: 0.09000000357627869","Display ID| bleu: 0.0, sim: 0.07000000029802322","For what profit is there of any kind of bird, that is, from the birds of the sky?| bleu: 4.57, sim: 0.3799999952316284","What do these pictures of heaven look like?| bleu: 5.61, sim: 0.3199999928474426","What do the birds of heaven represent?| bleu: 6.08, sim: 0.5099999904632568","What are some of the treasures of birds that make?| bleu: 8.91, sim: 0.5299999713897705","What do the birds of heaven represent?| bleu: 6.08, sim: 0.5099999904632568","What danger is well - known?| bleu: 5.63, sim: 0.12999999523162842","What kind of birds do birds eat?| bleu: 5.66, sim: 0.4399999976158142","What is the source of birds?| bleu: 10.76, sim: 0.550000011920929"
7,"What color is the wall?| bleu: 100.0, sim: 1.0","What color color color is red?| bleu: 18.58, sim: 0.5199999809265137","What is your Facebook username?| bleu: 10.68, sim: 0.2800000011920929","What is the wall to the wall, that leads to the wall?| bleu: 15.81, sim: 0.7699999809265137","Where was that walls?| bleu: 8.75, sim: 0.7200000286102295","What is it?| bleu: 12.75, sim: 0.4300000071525574","What is the walls?| bleu: 20.8, sim: 0.7900000214576721","What is that?| bleu: 12.75, sim: 0.4000000059604645","What sort of color is there?| bleu: 15.62, sim: 0.6899999976158142","What walls was the wall?| bleu: 32.47, sim: 0.7900000214576721","What is the walls of the walls?| bleu: 13.13, sim: 0.7400000095367432"
8,"Is the catcher wearing safety gear?| bleu: 100.0, sim: 1.0","Are you scaring the scar?| bleu: 8.17, sim: 0.1899999976158142","What is your Windows Live password?| bleu: 6.57, sim: 0.10000000149011612","Can any bear the patience of him that is patience?| bleu: 4.46, sim: 0.09000000357627869","Does he hold well - paying clothing?| bleu: 5.52, sim: 0.28999999165534973","Are we Satan's snares?| bleu: 7.16, sim: 0.18000000715255737","Do I shield a helmet?| bleu: 6.87, sim: 0.4399999976158142","Are we looking for protection?| bleu: 6.87, sim: 0.5699999928474426","Is it difficult to be like a sick person?| bleu: 4.99, sim: 0.14000000059604645","Would the disease be running?| bleu: 8.17, sim: 0.1899999976158142","Will this chariot take steps to safety?| bleu: 6.57, sim: 0.4399999976158142"
9,"How many dishes of food are in the picture?| bleu: 100.0, sim: 1.0","How many apple trees are there in the garden?| bleu: 13.13, sim: 0.2800000011920929","What is your SIP login commandment?| bleu: 4.28, sim: 0.17000000178813934","How long shall there be any meat for them that are flesh?| bleu: 4.07, sim: 0.36000001430511475","What do many foods represent?| bleu: 4.96, sim: 0.7599999904632568","How much food is worth it?| bleu: 5.63, sim: 0.5699999928474426","How do many food differ from this vision?| bleu: 6.03, sim: 0.7400000095367432","What will we consider in this article?| bleu: 5.11, sim: 0.09000000357627869","How, though, are many food being seen?| bleu: 6.27, sim: 0.7599999904632568","How important is food?| bleu: 5.17, sim: 0.5899999737739563","What more food is represented by this song?| bleu: 5.07, sim: 0.5899999737739563"
10,"How do you turn on the cold water?| bleu: 100.0, sim: 1.0","How water is the water?| bleu: 11.71, sim: 0.550000011920929","Would you like to store the password for %s in %s?| bleu: 3.74, sim: 0.15000000596046448","Wherefore do ye suck the cold of cold, and cause the waters that fail?| bleu: 5.82, sim: 0.6800000071525574","How can you find water cold?| bleu: 7.38, sim: 0.8100000023841858","How can you walk in water?| bleu: 11.74, sim: 0.4300000071525574","How would you react soon?| bleu: 6.48, sim: 0.14000000059604645","How do you water down the water?| bleu: 23.88, sim: 0.6100000143051147","How do you feel about life's water?| bleu: 22.81, sim: 0.5199999809265137","How do you view the waters of the sea?| bleu: 17.75, sim: 0.2800000011920929","How can you build water?| bleu: 11.71, sim: 0.4399999976158142"
11,"Do you think these two boys are brothers?| bleu: 100.0, sim: 1.0","Are these two cats these girls?| bleu: 10.92, sim: 0.12999999523162842","Some of these are they are not from?| bleu: 6.27, sim: 0.15000000596046448","Do you think that these brothers a man's brother?| bleu: 18.58, sim: 0.9100000262260437","Do you think that these two sons are brothers?| bleu: 29.85, sim: 0.9800000190734863","Do you think of those two children?| bleu: 20.61, sim: 0.38999998569488525","Do you think that these two sons are boys?| bleu: 22.09, sim: 0.75","Do you think they are two young brothers?| bleu: 24.27, sim: 0.9599999785423279","Do you think that these two children are brothers?| bleu: 29.85, sim: 0.9599999785423279","Do you think of these two young children?| bleu: 23.36, sim: 0.3700000047683716","Do you think that the two of these brothers are brothers?| bleu: 22.78, sim: 0.9599999785423279"
12,"What drink is shown?| bleu: 100.0, sim: 1.0","What?| bleu: 0.0, sim: 0.4000000059604645","What is your Google ID?| bleu: 10.68, sim: 0.2199999988079071","What shall we drink? or what shall we drink?| bleu: 4.93, sim: 0.7699999809265137","What is involved in drinking alcohol?| bleu: 8.64, sim: 0.7799999713897705","What does it show?| bleu: 12.7, sim: 0.38999998569488525","What does it mean to drink alcoholic beverages?| bleu: 6.27, sim: 0.7699999809265137","What should we drink?| bleu: 14.06, sim: 0.7900000214576721","What are some features of this?| bleu: 7.81, sim: 0.4099999964237213","What does that mean?| bleu: 12.7, sim: 0.4099999964237213","What kind of drinking is revealed?| bleu: 8.64, sim: 0.8500000238418579"
13,"Is the bear sitting?| bleu: 100.0, sim: 1.0","Is there something wrong with a problem?| bleu: 6.57, sim: 0.25999999046325684","Cancel Owner Change?| bleu: 12.44, sim: 0.10999999940395355","""Do you sit to do the service of the ministry?| bleu: 4.03, sim: 0.20999999344348907","Is there someone sitting in front of the olive tree?| bleu: 5.3, sim: 0.4000000059604645","Who will sit in among them?| bleu: 6.57, sim: 0.4099999964237213","Have they lived for many years?| bleu: 6.57, sim: 0.11999999731779099","Where does he live?| bleu: 10.68, sim: 0.15000000596046448","Where would anyone sit down?| bleu: 8.12, sim: 0.46000000834465027","Do You Hear listening?| bleu: 10.68, sim: 0.1599999964237213","Are this slave working?| bleu: 10.68, sim: -0.09000000357627869"
14,"Is this man cooking at home?| bleu: 100.0, sim: 1.0","Is she in the room?| bleu: 8.17, sim: 0.2800000011920929","Why do this man?| bleu: 15.85, sim: 0.25","Is this man did eat in his house?| bleu: 19.07, sim: 0.75","Did her husband awake home?| bleu: 13.74, sim: 0.5099999904632568","the man who is driving a car?| bleu: 6.57, sim: 0.17000000178813934","Was that man focused on his own home?| bleu: 10.55, sim: 0.5199999809265137","Was that hell?| bleu: 7.55, sim: 0.18000000715255737","Was this man sitting in the house?| bleu: 12.22, sim: 0.6800000071525574","Does this man come home?| bleu: 19.43, sim: 0.4000000059604645","Would the man get home?| bleu: 15.21, sim: 0.3700000047683716"
15,"What are the men sitting on?| bleu: 100.0, sim: 1.0","Why are they looking for friends?| bleu: 7.81, sim: 0.12999999523162842","What is the greatest commandment?| bleu: 9.04, sim: 0.23000000417232513","Saying, Who is he that sitteth in the man? or where is he?| bleu: 2.91, sim: 0.6800000071525574","What are these men sitting on?| bleu: 48.89, sim: 0.9900000095367432","What do men know?| bleu: 9.42, sim: 0.6100000143051147","What should husbands do?| bleu: 8.52, sim: 0.47999998927116394","What is said in the illustration about those in heaven?| bleu: 4.93, sim: 0.20999999344348907","Where do men sit down?| bleu: 8.17, sim: 0.9100000262260437","What should husbands listen to?| bleu: 8.17, sim: 0.4300000071525574","What are men sitting with him?| bleu: 19.64, sim: 0.9399999976158142"
16,"What time is it?| bleu: 100.0, sim: 1.0","What time?| bleu: 0.0, sim: 0.9700000286102295","What is your Google ID?| bleu: 10.68, sim: 0.1899999976158142","How then can you do these things?| bleu: 5.52, sim: 0.2800000011920929","What time can help us?| bleu: 17.97, sim: 0.7599999904632568","When is the time to begin?| bleu: 8.64, sim: 0.7400000095367432","What was that time?| bleu: 14.06, sim: 0.8999999761581421","When?| bleu: 0.0, sim: 0.7599999904632568","When will the time be?| bleu: 9.65, sim: 0.800000011920929","What is the time?| bleu: 15.11, sim: 0.9100000262260437","What is that time?| bleu: 15.11, sim: 0.9399999976158142"
17,"Who are the men in black?| bleu: 100.0, sim: 1.0","Who's the black man dressed over there?| bleu: 7.27, sim: 0.8399999737739563","What is your Windows Live password?| bleu: 6.57, sim: 0.05000000074505806","Who is black among them? or who is black among them?| bleu: 4.07, sim: 0.699999988079071","Who are these men?| bleu: 17.03, sim: 0.7699999809265137","Who are the men who were qualified?| bleu: 36.56, sim: 0.47999998927116394","Who are the black men?| bleu: 30.41, sim: 0.9700000286102295","Who are these?| bleu: 16.7, sim: 0.5199999809265137","What was required of those men who were appointed to do?| bleu: 4.03, sim: 0.4300000071525574","Who is the man who is in danger?| bleu: 6.74, sim: 0.5099999904632568","Who are black and black?| bleu: 19.43, sim: 0.7599999904632568"
18,"Overcast or sunny?| bleu: 100.0, sim: 1.0","He is busy, isn't he?| bleu: 6.57, sim: 0.029999999329447746","Graphics applications| bleu: 0.0, sim: 0.2800000011920929","Does the sun go down with the sun? Or does it go down on the sun?| bleu: 2.15, sim: 0.5600000023841858","What about the sun and groups of people?| bleu: 4.77, sim: 0.5600000023841858","The Bible Changes Lives| bleu: 7.99, sim: 0.05999999865889549","Or what of the sun's Day?| bleu: 6.57, sim: 0.6200000047683716","Is the sun greater than the sun?| bleu: 5.52, sim: 0.5","Should you kill him or put him alive?| bleu: 5.67, sim: 0.10000000149011612","Do the sun, or does he have to be the only human race?| bleu: 3.13, sim: 0.23000000417232513","Is there a day or an hour?| bleu: 6.57, sim: 0.3799999952316284"
19,"Are the streetlamps on?| bleu: 100.0, sim: 1.0","Is it on the street?| bleu: 10.68, sim: 0.5600000023841858","Update Bookmark?| bleu: 0.0, sim: 0.28999999165534973","Will the streets be shut up in the streets?| bleu: 4.99, sim: 0.27000001072883606","Do some people who believe in evolution?| bleu: 5.52, sim: 0.11999999731779099","But would people who wanted to follow the command they had to follow?| bleu: 3.38, sim: 0.10000000149011612","Do the Dead Come on the street?| bleu: 7.27, sim: 0.3100000023841858","Is the way the way to life?| bleu: 6.57, sim: 0.30000001192092896","Is there a street place?| bleu: 8.12, sim: 0.5299999713897705","Is Peace Possible?| bleu: 12.44, sim: 0.23000000417232513","Is There a Good News?| bleu: 8.12, sim: 0.4000000059604645"
20,"What color is the man's jacket?| bleu: 100.0, sim: 1.0","What color is that red horse?| bleu: 26.27, sim: 0.3100000023841858","What is your Group?| bleu: 9.42, sim: 0.25999999046325684","What does the work of a man in what is the work of a man?| bleu: 5.82, sim: 0.25999999046325684","What does the shepherd wear?| bleu: 9.04, sim: 0.4399999976158142","What does a person wear?| bleu: 8.17, sim: 0.550000011920929","What is the government's government?| bleu: 16.34, sim: 0.10999999940395355","What is that?| bleu: 9.93, sim: 0.23000000417232513","What is required of an experienced man?| bleu: 7.27, sim: 0.15000000596046448","What are the eyes of people who are falling victim to darkness?| bleu: 4.07, sim: 0.1899999976158142","What is the lamb's lamb?| bleu: 16.34, sim: 0.1599999964237213"
21,"What food item is shown?| bleu: 100.0, sim: 1.0","What's left out of the left?| bleu: 6.57, sim: 0.20000000298023224","What is ID ID ID?| bleu: 10.68, sim: 0.2800000011920929","What does the food profit? Or what does it profit him, that he should be?| bleu: 2.83, sim: 0.5199999809265137","What food is revealed?| bleu: 20.8, sim: 0.8600000143051147","What are some things that prove to be?| bleu: 5.67, sim: 0.30000001192092896","What type of food is mentioned in the Bible?| bleu: 5.93, sim: 0.6499999761581421","What desirable things are revealed?| bleu: 9.65, sim: 0.36000001430511475","What fruitage do the fruitage of the holy spirit show?| bleu: 4.46, sim: 0.20000000298023224","Why is food important?| bleu: 11.51, sim: 0.699999988079071","What food is revealed?| bleu: 20.8, sim: 0.8600000143051147"
22,"Is there a dog?| bleu: 100.0, sim: 1.0","Is there a dog?| bleu: 100.0, sim: 1.0","What is youring password?| bleu: 10.68, sim: 0.17000000178813934","""Why do you want a dog to become a dog, since there is wood in the dogs?| bleu: 4.55, sim: 0.4099999964237213","Would the dead die?| bleu: 10.68, sim: 0.20999999344348907","Is there a road near Jerusalem?| bleu: 26.27, sim: 0.23000000417232513","Have you ever been there?| bleu: 9.65, sim: 0.3100000023841858","How can we be sure that Jehovah understands our situation?| bleu: 3.75, sim: 0.18000000715255737","Is there life?| bleu: 27.53, sim: 0.44999998807907104","Is there a windstorm?| bleu: 42.73, sim: 0.18000000715255737","Is Your Recreation Beneficial?| bleu: 12.7, sim: 0.1899999976158142"
23,"Is he a professional athlete?| bleu: 100.0, sim: 1.0","Is he a student?| bleu: 34.98, sim: 0.3700000047683716","Is it Running?| bleu: 11.52, sim: 0.2800000011920929","""Can a man look out to Hamath? Or will he see it?| bleu: 3.46, sim: 0.28999999165534973","How much experience do you have?| bleu: 6.57, sim: 0.41999998688697815","Is he the best Friend?| bleu: 17.97, sim: 0.4399999976158142","Are you an experienced preacher of entertainment?| bleu: 5.52, sim: 0.38999998569488525","Does he do all he can?| bleu: 7.81, sim: 0.3400000035762787","Was he a Roman citizen?| bleu: 17.97, sim: 0.28999999165534973","Did he love his life?| bleu: 9.65, sim: 0.47999998927116394","Do you have the ability to do so?| bleu: 4.77, sim: 0.3400000035762787"
24,"What is around the baby's neck?| bleu: 100.0, sim: 1.0","What's that baby's name?| bleu: 8.52, sim: 0.550000011920929","What is your Google ID?| bleu: 15.21, sim: 0.15000000596046448","For what have there on the head of a child, that he should be on the neck of a child?| bleu: 2.27, sim: 0.7599999904632568","What motivated the child to become more concerned?| bleu: 6.27, sim: 0.25","What makes him die?| bleu: 8.52, sim: 0.12999999523162842","What happens when the baby is born?| bleu: 7.81, sim: 0.5","What happens to the baby's neck?| bleu: 43.47, sim: 0.9100000262260437","What comes to mind?| bleu: 8.52, sim: 0.3100000023841858","What shows that the baby is in the womb?| bleu: 5.93, sim: 0.41999998688697815","How did the child walk?| bleu: 8.17, sim: 0.23999999463558197"
25,"What is around the man's neck?| bleu: 100.0, sim: 1.0","What was the man after the death?| bleu: 7.27, sim: 0.3199999928474426","Panel ID list?| bleu: 7.55, sim: 0.07999999821186066","Is there any thing on the neck of a man, or on the head of a man?| bleu: 2.66, sim: 0.7900000214576721","What made him all around him?| bleu: 8.64, sim: 0.30000001192092896","What makes a man die?| bleu: 8.17, sim: 0.20999999344348907","What is the condition of a person's eye?| bleu: 11.34, sim: 0.25","How extensive is the man's neck?| bleu: 43.47, sim: 0.8199999928474426","What comes to mind?| bleu: 8.52, sim: 0.30000001192092896","What shows that a humble person is humble?| bleu: 6.27, sim: 0.019999999552965164","What was the man's response?| bleu: 16.34, sim: 0.3199999928474426"
26,"Is that an airplane in the image?| bleu: 100.0, sim: 1.0","Is he at the meeting at the meeting?| bleu: 6.27, sim: 0.10000000149011612","What is your Facebook username?| bleu: 5.82, sim: 0.15000000596046448","""What value does the engraved image have, that its maker has set his engraved image on a tree?| bleu: 2.57, sim: 0.09000000357627869","Does this mean that when people picture a picture?| bleu: 4.99, sim: 0.25999999046325684","Are those in that country like God's image?| bleu: 11.34, sim: 0.17000000178813934","Are these pictures as a picture?| bleu: 5.69, sim: 0.2800000011920929","Does this image exist in a image?| bleu: 12.22, sim: 0.38999998569488525","Is that normal?| bleu: 13.01, sim: 0.2800000011920929","Would you like an airplane?| bleu: 12.87, sim: 0.8899999856948853","Is this similar to a wild ship?| bleu: 6.57, sim: 0.20000000298023224"
27,"What is on the boy's hand?| bleu: 100.0, sim: 1.0","Who found the dog?| bleu: 8.52, sim: 0.14000000059604645","Disconnected disconnected| bleu: 0.0, sim: 0.03999999910593033","What does the boy's hand have in the hand of the child?| bleu: 13.07, sim: 0.8500000238418579","How would a boy's son be?| bleu: 7.81, sim: 0.47999998927116394","What should a boy do?| bleu: 8.17, sim: 0.4699999988079071","What can this young person do?| bleu: 7.81, sim: 0.44999998807907104","What about the child's right hand?| bleu: 15.62, sim: 0.7400000095367432","What would the boy do?| bleu: 9.04, sim: 0.46000000834465027","What is a young man like?| bleu: 14.54, sim: 0.5199999809265137","What is the child's hand?| bleu: 20.55, sim: 0.8199999928474426"
28,"Are there bicycles?| bleu: 100.0, sim: 1.0","Are three bicycles?| bleu: 35.36, sim: 0.7799999713897705","Are you sure you want to clear the list of locations you have visited?| bleu: 3.13, sim: 0.12999999523162842","Where could the lightning blow? Or where were the war?| bleu: 3.39, sim: 0.17000000178813934","How much are the birds of birds?| bleu: 5.52, sim: 0.23999999463558197","Will God's Word Be found?| bleu: 8.12, sim: 0.1899999976158142","Did they stand up?| bleu: 10.68, sim: 0.25","Is there anything that makes life happy?| bleu: 6.57, sim: 0.2800000011920929","Do you have a place where spirit creatures live?| bleu: 4.2, sim: 0.18000000715255737","Is there any mouth mouth?| bleu: 9.65, sim: 0.23999999463558197","Are we able to carry out our ministry?| bleu: 5.67, sim: 0.14000000059604645"
29,"Is the umpire at home plate?| bleu: 100.0, sim: 1.0","Is this the meeting room?| bleu: 9.04, sim: 0.2199999988079071","? bytes| bleu: 0.0, sim: 0.05000000074505806","Is the rock smooth in a house? or is the rock come into an house?| bleu: 5.06, sim: 0.18000000715255737","Is it dangerous to go home?| bleu: 8.64, sim: 0.07000000029802322","Has it caused us to return home?| bleu: 6.57, sim: 0.12999999523162842","Do many people read their own mistakes?| bleu: 5.52, sim: -0.019999999552965164","But do they have a family?| bleu: 6.57, sim: 0.17000000178813934","Was she sad when preaching from door to door?| bleu: 4.2, sim: -0.03999999910593033","Could a Kingdom Hall begin at the Kingdom Hall?| bleu: 5.52, sim: 0.10000000149011612","Jean - Claude moved to his home?| bleu: 6.57, sim: 0.20999999344348907"
30,"Are there stones behind the bear?| bleu: 100.0, sim: 1.0","Were there stars on the stars?| bleu: 8.64, sim: 0.2199999988079071","Orientation| bleu: 0.0, sim: 0.1899999976158142","Can a stone be plowed by such a stone?| bleu: 4.2, sim: 0.5899999737739563","Do you have such doubts?| bleu: 6.87, sim: 0.27000001072883606","Is there any type of stones that are growing?| bleu: 5.52, sim: 0.49000000953674316","Has there ever been stones?| bleu: 9.04, sim: 0.6399999856948853","Is there a stones for stones?| bleu: 8.64, sim: 0.6700000166893005","Is there a bucket that you have?| bleu: 6.57, sim: 0.25","Will he go about a boat and go back to it?| bleu: 3.39, sim: -0.03999999910593033","Is there any stones?| bleu: 9.42, sim: 0.7099999785423279"
31,"Do they appear to be competing against each other?| bleu: 100.0, sim: 1.0","Why don't they seem perfectly look?| bleu: 5.09, sim: 0.14000000059604645","Abort pending downloads?| bleu: 3.56, sim: 0.15000000596046448","Shall they therefore despise one another? shall they therefore despise one another?| bleu: 3.38, sim: 0.3199999928474426","Are they seemed to promote peace among them?| bleu: 5.61, sim: 0.25999999046325684","Is it wrong to resolve problems?| bleu: 5.09, sim: 0.41999998688697815","Were they viewed as looking after them?| bleu: 5.11, sim: 0.36000001430511475","Do they feel that they are not united?| bleu: 9.44, sim: 0.5400000214576721","Do they appear to be conflicts?| bleu: 41.92, sim: 0.6399999856948853","Are such individuals right and wrong?| bleu: 4.28, sim: 0.30000001192092896","Do they seem to be able to associate with others?| bleu: 11.21, sim: 0.4300000071525574"
32,"Is a website sponsoring this game?| bleu: 100.0, sim: 1.0","Will the game be game game?| bleu: 13.13, sim: 0.4099999964237213","Was this review helpful?| bleu: 8.52, sim: 0.3700000047683716","Shall not the innocent speak this to him?| bleu: 5.67, sim: 0.10999999940395355","Is there a Web site supported by this organization?| bleu: 5.93, sim: 0.75","Are you following the Internet?| bleu: 6.87, sim: 0.5799999833106995","Does the website appeal to these entertainment?| bleu: 6.57, sim: 0.6200000047683716","Is it a matter of recreation?| bleu: 8.64, sim: 0.38999998569488525","Does this website have jw.org?| bleu: 7.27, sim: 0.41999998688697815","Do you have access to this Web site?| bleu: 5.67, sim: 0.6499999761581421","the website jw.org?| bleu: 8.17, sim: 0.3499999940395355"
33,"What color is the court?| bleu: 100.0, sim: 1.0","What color did the house color?| bleu: 15.62, sim: 0.5","Download Movie Subtitles| bleu: 0.0, sim: 0.05000000074505806","And what is the last thing that was done in the court?| bleu: 13.67, sim: 0.38999998569488525","What were the prosecutor's radio station?| bleu: 8.64, sim: 0.30000001192092896","What can we learn from this?| bleu: 7.81, sim: 0.27000001072883606","What is the court?| bleu: 57.89, sim: 0.7599999904632568","What kind of people were judges?| bleu: 7.81, sim: 0.5","What should a person do in court?| bleu: 12.22, sim: 0.6200000047683716","What does that mean?| bleu: 10.4, sim: 0.4000000059604645","What is the law of court?| bleu: 19.64, sim: 0.550000011920929"
34,"What color are the plants?| bleu: 100.0, sim: 1.0","What color did the nails color?| bleu: 15.62, sim: 0.36000001430511475","Are the properties of the blind?| bleu: 7.81, sim: 0.28999999165534973","For what do the grass desireth, that the grass hath after it?| bleu: 3.38, sim: 0.5","What is the type of plants like?| bleu: 7.81, sim: 0.8799999952316284","What was it?| bleu: 11.52, sim: 0.25999999046325684","What are these plants?| bleu: 20.8, sim: 0.8600000143051147","What is the seed?| bleu: 11.51, sim: 0.5199999809265137","Third, what are plants like?| bleu: 8.64, sim: 0.7599999904632568","What is the wind?| bleu: 11.51, sim: 0.3199999928474426","What trees?| bleu: 0.0, sim: 0.5299999713897705"
35,"Is the man sleeping?| bleu: 100.0, sim: 1.0","Who's watching the boy?| bleu: 12.7, sim: 0.27000001072883606","????????????????????????????????????????????????????????????????????????????????????????????????????????????????????????????????????????????????????????????????????????????????????????????????????????????????????????????????????????????????????????????????????????????????????????????????????????????????????????????????????????????????????????????????????????????????????????????????????????????????????????????????????????????????????????????????????????????????????????????????????????????????????????????| bleu: 0.07, sim: 0.2199999988079071","Can a man sleep with his sleep?| bleu: 6.57, sim: 0.8899999856948853","Did he sleep?| bleu: 12.44, sim: 0.9300000071525574","Does that man sleep?| bleu: 12.7, sim: 0.9800000190734863","Did the man wake up?| bleu: 17.97, sim: 0.41999998688697815","Is the Man sleeping?| bleu: 30.21, sim: 1.0","Did a man sleep?| bleu: 12.7, sim: 0.9700000286102295","Is a man asleep?| bleu: 14.06, sim: 0.9700000286102295","Is there someone who sleeps?| bleu: 9.65, sim: 0.8500000238418579"
36,"Would this be considered an old fashion bathroom?| bleu: 100.0, sim: 1.0","Is it true that black room black?| bleu: 4.87, sim: 0.23000000417232513","""%s"" is this review?| bleu: 5.8, sim: 0.25","Are you old, when you are old? Or do the righteous pass over to you?| bleu: 2.55, sim: 0.4399999976158142","Is it reasonable to think that way?| bleu: 4.87, sim: 0.20999999344348907","Is it possible for us to accept bad habits?| bleu: 4.2, sim: 0.15000000596046448","Would that happen if a person is old?| bleu: 6.27, sim: 0.5899999737739563","Would such a thing be viewed as an act of action in ancient times?| bleu: 3.72, sim: 0.38999998569488525","Would this be viewed as normal?| bleu: 19.74, sim: 0.3199999928474426","Could this be dangerous?| bleu: 10.62, sim: 0.18000000715255737","Would this be like oil?| bleu: 19.69, sim: 0.3100000023841858"
37,"What kind of cat is that?| bleu: 100.0, sim: 1.0","What breed is this dog?| bleu: 9.04, sim: 0.2199999988079071","Panel ID list?| bleu: 7.55, sim: 0.18000000715255737","And what have ye? and what hath he among his kind, that ye should run after his kind?| bleu: 2.39, sim: 0.05999999865889549","What will happen next?| bleu: 8.52, sim: 0.25","What blessings do we hear?| bleu: 8.17, sim: 0.10999999940395355","What should we do?| bleu: 8.52, sim: 0.27000001072883606","What does that mean?| bleu: 9.42, sim: 0.3499999940395355","What sort of things are these?| bleu: 8.64, sim: 0.41999998688697815","What self - examination shows that a person has a good conscience?| bleu: 4.07, sim: 0.09000000357627869","What type of sin?| bleu: 9.42, sim: 0.33000001311302185"
38,"What is the color of the bears apron?| bleu: 100.0, sim: 1.0","What's your favorite planet's solar system?| bleu: 4.94, sim: 0.10999999940395355","Master, which is the great commandment?| bleu: 10.79, sim: 0.3100000023841858","and every raven after its kind, and the vulture after its kind,| bleu: 2.84, sim: 0.029999999329447746","What color do humans display?| bleu: 6.48, sim: 0.28999999165534973","What does he really know about our Shepherd?| bleu: 5.67, sim: 0.28999999165534973","What does the Bible say?| bleu: 6.48, sim: 0.23000000417232513","What is that?| bleu: 10.13, sim: 0.2800000011920929","What is a discerning enemy who is discerning?| bleu: 10.55, sim: 0.27000001072883606","How often, though, is suffering so much?| bleu: 4.99, sim: 0.10000000149011612","What is the source of jw.org?| bleu: 20.16, sim: 0.25"
39,"Are the windows of the building open?| bleu: 100.0, sim: 1.0","Were there any windows on the bank?| bleu: 7.27, sim: 0.6399999856948853","Do you want to remove any bookmarks with the non-existing location from your list?| bleu: 3.13, sim: -0.029999999329447746",""" can't a wall be opened to him a wall?| bleu: 3.75, sim: 0.3199999928474426","Can such things help us to have all the facts?| bleu: 4.46, sim: 0.27000001072883606","Does it encourage others to do so?| bleu: 5.52, sim: 0.3199999928474426","Did the earth be filled with beauty?| bleu: 6.57, sim: 0.27000001072883606","His wisdom is seen in the way the house is built.| bleu: 4.03, sim: 0.25999999046325684","Are such cards dangerous?| bleu: 6.97, sim: 0.1899999976158142","Do these tools need to build the temple?| bleu: 5.67, sim: 0.23999999463558197","Would the smoke of the lions open?| bleu: 16.52, sim: 0.28999999165534973"
40,"Where is the mirror?| bleu: 100.0, sim: 1.0","Where's the road?| bleu: 14.79, sim: 0.3100000023841858","What is your Windows Live Windows?| bleu: 7.81, sim: 0.25999999046325684","""But where is the light? Where is the earth?| bleu: 13.55, sim: 0.25999999046325684","Where is the answer?| bleu: 42.73, sim: 0.44999998807907104","Where does the mirror contain a mirror?| bleu: 15.62, sim: 0.9200000166893005","What is a mirror?| bleu: 23.64, sim: 0.8899999856948853","Where is a mirror?| bleu: 30.21, sim: 0.9800000190734863","Where can we be like that?| bleu: 7.81, sim: 0.30000001192092896","Where is the mirror?| bleu: 100.0, sim: 1.0","What does the mirror represent?| bleu: 17.97, sim: 0.8500000238418579"
41,"Is this picture real?| bleu: 100.0, sim: 1.0","Is this true story?| bleu: 23.64, sim: 0.5899999737739563","Do you like to run this application?| bleu: 6.57, sim: 0.14000000059604645","How long shall it be ere it be by faith?| bleu: 3.75, sim: 0.25","Is that true?| bleu: 14.79, sim: 0.6800000071525574","Is that not reasonable?| bleu: 12.7, sim: 0.5099999904632568","Is that happening?| bleu: 14.79, sim: 0.6600000262260437","Is that true?| bleu: 14.79, sim: 0.6800000071525574","Is that true?| bleu: 14.79, sim: 0.6800000071525574","Is that true?| bleu: 14.79, sim: 0.6800000071525574","Will this really happen?| bleu: 12.7, sim: 0.4699999988079071"
42,"What is wrapped around the sandwich?| bleu: 100.0, sim: 1.0","What's on the box on the box?| bleu: 6.57, sim: 0.15000000596046448","Wacom action-type| bleu: 0.0, sim: -0.019999999552965164","Can the sand of the sea forsake his face, or forsake the sand of the sea?| bleu: 2.55, sim: 0.17000000178813934","What, though, about singing the singing song that is the best song?| bleu: 3.72, sim: 0.0","What does it mean to spread literature?| bleu: 6.57, sim: 0.20999999344348907","What are some of the things that are not appealing?| bleu: 4.93, sim: 0.18000000715255737","What methods have been made to prevent people from becoming known?| bleu: 4.03, sim: 0.11999999731779099","What makes people more likely to talk about it?| bleu: 4.99, sim: 0.09000000357627869","What are many things that are taking place in the world?| bleu: 4.46, sim: -0.05000000074505806","What is the light of a stone so that it keeps it off?| bleu: 6.75, sim: 0.09000000357627869"
43,"What is the cat doing?| bleu: 100.0, sim: 1.0","What cat is the cat?| bleu: 34.33, sim: 0.9200000166893005","Panel program list?| bleu: 9.69, sim: 0.23000000417232513","And what wilt thou do unto them, or what shall ye do unto them?| bleu: 2.45, sim: 0.20000000298023224","What will happen next?| bleu: 10.4, sim: 0.28999999165534973","What are they doing?| bleu: 19.36, sim: 0.3400000035762787","What should we do?| bleu: 10.4, sim: 0.3199999928474426","What are they doing?| bleu: 19.36, sim: 0.3400000035762787","What sort of things do many people do?| bleu: 5.67, sim: 0.1599999964237213","What does it mean to do what is right?| bleu: 5.52, sim: 0.20999999344348907","Why does a person do something?| bleu: 6.57, sim: 0.25999999046325684"
44,"Is the baby wearing stripes?| bleu: 100.0, sim: 1.0","Is the baby crying?| bleu: 34.98, sim: 0.3700000047683716","Orca Screen Reader| bleu: 0.0, sim: 0.17000000178813934","Doth the hungry smite him that is hungry, and take him away?| bleu: 3.38, sim: -0.019999999552965164","Could a young child wear off?| bleu: 6.57, sim: 0.38999998569488525","Is the baby struggling to strip off the old personality?| bleu: 14.99, sim: 0.18000000715255737","Is a baby born before the arrival of the wheat?| bleu: 5.3, sim: 0.28999999165534973","Does the baby mentioned in this article grow old?| bleu: 9.29, sim: 0.25","Does a child drink excessive drinking?| bleu: 6.57, sim: 0.18000000715255737","Does a baby look after a baby?| bleu: 6.57, sim: 0.4699999988079071","Does the child have immoral dress?| bleu: 7.81, sim: 0.4099999964237213"
45,"What is the girl standing on?| bleu: 100.0, sim: 1.0","What's the girl standing in there?| bleu: 26.27, sim: 0.8899999856948853","24-hour| bleu: 0.0, sim: 0.20000000298023224","""What does the young lady say? Why do the virgins stand at her mouth?| bleu: 3.01, sim: 0.3700000047683716","What was it like for her to have such a relationship?| bleu: 4.03, sim: 0.28999999165534973","What did the girl mean?| bleu: 16.34, sim: 0.6700000166893005","What does a young woman do?| bleu: 7.81, sim: 0.5699999928474426","What is the girl standing before?| bleu: 64.35, sim: 0.9300000071525574","Where would the girl be standing before him?| bleu: 11.34, sim: 0.7400000095367432","What should a young woman do?| bleu: 7.81, sim: 0.5400000214576721","What is the best girl?| bleu: 29.06, sim: 0.33000001311302185"
46,"Are there any people?| bleu: 100.0, sim: 1.0","Were people there?| bleu: 16.37, sim: 0.9200000166893005","Emptying history?| bleu: 0.0, sim: 0.23000000417232513","Who is able to go up? or who is there even of the people only?| bleu: 3.01, sim: 0.4000000059604645","Is there anyone else?| bleu: 12.7, sim: 0.7099999785423279","Are there people with whom they live?| bleu: 13.13, sim: 0.5699999928474426","Is that true to everyone?| bleu: 8.12, sim: 0.49000000953674316","Is there a problem in people's life?| bleu: 6.57, sim: 0.5199999809265137","Is there any human?| bleu: 23.64, sim: 0.9200000166893005","Is there any human?| bleu: 23.64, sim: 0.9200000166893005","Is there anything else?| bleu: 12.7, sim: 0.6299999952316284"
47,"What pattern is the fabric of the couch?| bleu: 100.0, sim: 1.0","What is the difference between asteroids and comets?| bleu: 11.34, sim: 0.12999999523162842","David therefore call his son David David David, how is he so his son?| bleu: 2.91, sim: 0.11999999731779099","What advantage has he who makes his bed in profit?| bleu: 4.46, sim: 0.25999999046325684","What does that example mean?| bleu: 5.85, sim: 0.20999999344348907","What example do we have today?| bleu: 5.87, sim: 0.07999999821186066","How is that illustration united?| bleu: 5.85, sim: 0.25","What fine example did political leaders have?| bleu: 5.8, sim: 0.12999999523162842","What seems to be the case?| bleu: 6.5, sim: 0.28999999165534973","Why is this so dangerous?| bleu: 5.85, sim: 0.10999999940395355","What is the example of your mate?| bleu: 12.26, sim: 0.11999999731779099"
48,"How many bananas are in this picture?| bleu: 100.0, sim: 1.0","How many pictures are there in this picture?| bleu: 36.89, sim: 0.4000000059604645","Fee this application?| bleu: 6.99, sim: 0.0","Or where was he sick?| bleu: 5.82, sim: 0.10999999940395355","What is the condition of most people today?| bleu: 4.77, sim: 0.11999999731779099","How have many used this illustration?| bleu: 8.05, sim: 0.18000000715255737","What do many think?| bleu: 6.97, sim: 0.18000000715255737","Why can it be said that corruption is wrong?| bleu: 4.2, sim: 0.20999999344348907","How many people suffer in this regard?| bleu: 16.52, sim: 0.12999999523162842","How do many feel about this quality?| bleu: 7.81, sim: 0.18000000715255737","How do many people feel about that?| bleu: 7.27, sim: 0.1599999964237213"
49,"What type of area is this?| bleu: 100.0, sim: 1.0","What's the temperature of this temperature?| bleu: 8.64, sim: 0.49000000953674316","What is ID ID?| bleu: 9.42, sim: 0.44999998807907104","For what is the thing that he hath done? and what is that to thee?| bleu: 2.72, sim: 0.3400000035762787","What does that article represent?| bleu: 8.17, sim: 0.5400000214576721","What is the area?| bleu: 10.13, sim: 0.9300000071525574","What is this place?| bleu: 17.03, sim: 0.75","In what way?| bleu: 7.55, sim: 0.699999988079071","What is involved in this article?| bleu: 9.29, sim: 0.5199999809265137","What is that?| bleu: 9.93, sim: 0.7400000095367432","What change could there be?| bleu: 8.17, sim: 0.46000000834465027"
50,"What does the word on the front of the bus mean?| bleu: 100.0, sim: 1.0","What bus left the bus stop?| bleu: 7.65, sim: 0.5400000214576721","David call him Lord, how is he his son David?| bleu: 3.39, sim: 0.05000000074505806","For what profit is there before the world, that its words should be like?| bleu: 2.91, sim: 0.10999999940395355","What does that mean?| bleu: 7.45, sim: 0.28999999165534973","What is the meaning of the word?| bleu: 10.48, sim: 0.28999999165534973","What is the meaning of the above words?| bleu: 8.59, sim: 0.27000001072883606","What does that word mean?| bleu: 8.93, sim: 0.33000001311302185","What do those words mean?| bleu: 6.61, sim: 0.2800000011920929","What does God's Word mean?| bleu: 8.45, sim: 0.14000000059604645","What does it mean to walk on foot?| bleu: 8.59, sim: 0.27000001072883606"
51,"What is the elephant doing?| bleu: 100.0, sim: 1.0","What causes that color?| bleu: 10.4, sim: 0.20999999344348907","What is your Windows Live password?| bleu: 14.54, sim: 0.1899999976158142","What stone has a stone? It is deceit.| bleu: 5.52, sim: 0.11999999731779099","What will happen next?| bleu: 10.4, sim: 0.18000000715255737","What is involved in doing research?| bleu: 15.62, sim: 0.10000000149011612","What may be the result of the bow?| bleu: 6.27, sim: 0.17000000178813934","What are they doing?| bleu: 19.36, sim: 0.23000000417232513","What happens when someone makes a danger dangerous?| bleu: 5.67, sim: 0.1899999976158142","What attitude?| bleu: 0.0, sim: 0.25","How do we guard against doing so?| bleu: 6.57, sim: 0.1599999964237213"
52,"Is anyone wearing a blue shirt?| bleu: 100.0, sim: 1.0","Have you ever white a white shirt?| bleu: 12.22, sim: 0.28999999165534973","Or what shall a man judge? Or what shall a man give for his goods?| bleu: 2.72, sim: 0.10999999940395355","Or don't you know that they are like them?| bleu: 4.2, sim: 0.09000000357627869","Was there someone who wore the pearl?| bleu: 5.52, sim: 0.4300000071525574","Who is the one dressed?| bleu: 6.87, sim: 0.4699999988079071","Does a person wearing a flow of blood?| bleu: 10.55, sim: 0.25","Does anyone have the right to decide what to do?| bleu: 4.46, sim: 0.28999999165534973","Is there anyone interested in wearing clothing?| bleu: 7.81, sim: 0.47999998927116394","Is there someone wearing such a garment?| bleu: 7.81, sim: 0.5199999809265137","Is there someone that wears clothing?| bleu: 7.81, sim: 0.5400000214576721"
53,"Is this a baseball field?| bleu: 100.0, sim: 1.0","Is this a football player?| bleu: 32.47, sim: 0.25999999046325684","What is your Windows Live password?| bleu: 6.57, sim: -0.0","Is it a worm that is low, a man whose portion is an evil?| bleu: 3.22, sim: 0.15000000596046448","Can that help a family to be truly happy?| bleu: 4.99, sim: 0.1599999964237213","Is that really a sports career?| bleu: 8.64, sim: 0.3400000035762787","Does that work operate?| bleu: 8.75, sim: 0.18000000715255737","Was it a field?| bleu: 19.36, sim: 0.5899999737739563","Are these involved in politics?| bleu: 8.12, sim: 0.2800000011920929","Was this movie movie used in one place?| bleu: 5.67, sim: 0.27000001072883606","What is the meaning of the arguments?| bleu: 5.52, sim: 0.12999999523162842"
54,"What kind of room is this?| bleu: 100.0, sim: 1.0","What is this room?| bleu: 18.01, sim: 0.949999988079071","What is ID ID?| bleu: 9.42, sim: 0.30000001192092896","Wherever this rooms are in their rooms,| bleu: 5.52, sim: 0.7099999785423279","What does that mean?| bleu: 8.52, sim: 0.5199999809265137","What can we learn from this?| bleu: 14.54, sim: 0.3199999928474426","What is a room in an upper room?| bleu: 6.74, sim: 0.7099999785423279","What is that?| bleu: 9.93, sim: 0.46000000834465027","How much better is this?| bleu: 25.58, sim: 0.3700000047683716","What attitude?| bleu: 0.0, sim: 0.3700000047683716","What is the room?| bleu: 10.13, sim: 0.949999988079071"
55,"What color is the table top?| bleu: 100.0, sim: 1.0","What color is that table?| bleu: 29.06, sim: 0.8799999952316284","What is your Windows Live password?| bleu: 8.64, sim: 0.15000000596046448","""What profit is there on the table, that is, on the table?| bleu: 6.15, sim: 0.4399999976158142","What makes fire burning?| bleu: 8.52, sim: 0.3700000047683716","What is the most effective method of transportation?| bleu: 11.34, sim: 0.15000000596046448","What types of types are discussed above?| bleu: 6.57, sim: 0.3100000023841858","What is that?| bleu: 9.93, sim: 0.28999999165534973","To what extent might a person imagine?| bleu: 5.52, sim: 0.33000001311302185","What cup is illustrated by the rock badger?| bleu: 6.74, sim: 0.3100000023841858","What creation?| bleu: 0.0, sim: 0.23000000417232513"
56,"What color is the zebra?| bleu: 100.0, sim: 1.0","What color is red horse?| bleu: 32.47, sim: 0.25","Prefere_nces| bleu: 0.0, sim: 0.05999999865889549","the son of Amzi, where was the son of Amzi?| bleu: 4.03, sim: 0.28999999165534973","What problem is caused by humans?| bleu: 8.64, sim: 0.1599999964237213","What can we learn from this?| bleu: 7.81, sim: 0.10999999940395355","What is one of these ones?| bleu: 8.64, sim: 0.20999999344348907","What is the color of the skin color?| bleu: 11.99, sim: 0.4000000059604645","What danger is there for a person to die?| bleu: 5.52, sim: 0.10000000149011612","Why?| bleu: 0.0, sim: 0.23999999463558197","What is like gold?| bleu: 11.51, sim: 0.2199999988079071"
57,"What trick is he doing?| bleu: 100.0, sim: 1.0","What's going on?| bleu: 9.69, sim: 0.5","What is ID ID ID?| bleu: 10.68, sim: 0.3400000035762787","And what shall ye do? or what shall he do?| bleu: 4.03, sim: 0.44999998807907104","What does God approve of?| bleu: 9.65, sim: 0.2800000011920929","What does she do?| bleu: 10.4, sim: 0.41999998688697815","How does he deceive us?| bleu: 9.65, sim: 0.6899999976158142","What does he do?| bleu: 11.51, sim: 0.5600000023841858","What can she do?| bleu: 10.4, sim: 0.47999998927116394","What is he doing?| bleu: 57.89, sim: 0.6399999856948853","What is effective?| bleu: 12.75, sim: 0.49000000953674316"
58,"Is the man about to get hurt?| bleu: 100.0, sim: 1.0","Can someone eat the food?| bleu: 6.92, sim: 0.1899999976158142","What do you think that I have power to do that I have power to do with you?| bleu: 2.41, sim: 0.25999999046325684","Will a man be driven from evil? Or shall he keep secret?| bleu: 3.38, sim: 0.46000000834465027","Did this man be offended?| bleu: 6.92, sim: 0.6700000166893005","Will that pain be painful?| bleu: 5.82, sim: 0.5899999737739563","Does that man want to hurt him?| bleu: 7.81, sim: 0.8199999928474426","But does a man do everything he can to cause him pain?| bleu: 4.07, sim: 0.5199999809265137","Should a man hurt him?| bleu: 7.65, sim: 0.8399999737739563","Could the man hurt his mistakes because of his mistakes?| bleu: 8.91, sim: 0.6299999952316284","Can a man hurt you?| bleu: 7.65, sim: 0.7200000286102295"
59,"Is this baseball player holding a bat?| bleu: 100.0, sim: 1.0","Is this a soccer player?| bleu: 14.63, sim: 0.09000000357627869","Do you want to empty the trash before you unmount?| bleu: 3.75, sim: 0.03999999910593033","For there is vanity in vain; yea, who can speak evil of it?| bleu: 2.45, sim: 0.09000000357627869","Does that play?| bleu: 5.88, sim: 0.27000001072883606","Is it wise to participate in such a situation?| bleu: 5.52, sim: 0.2199999988079071","Is it not a type of game?| bleu: 7.27, sim: 0.3400000035762787","Is that something valuable?| bleu: 6.97, sim: 0.36000001430511475","Is it a role in that role?| bleu: 7.27, sim: 0.3400000035762787","Could myrrh be a long journey?| bleu: 6.77, sim: 0.05999999865889549","Has this information changed?| bleu: 6.97, sim: 0.25"
60,"Is this a hospital?| bleu: 100.0, sim: 1.0","Is this wrong with this?| bleu: 17.97, sim: 0.33000001311302185","? bytes| bleu: 0.0, sim: 0.1599999964237213","Is it at Nob, or at all sick?| bleu: 4.99, sim: 0.3799999952316284","Does that mean that in the hospital?| bleu: 11.04, sim: 0.9300000071525574","Is this in the hospital?| bleu: 22.96, sim: 0.949999988079071","Does this mean that someone at a medical hospital is at home?| bleu: 4.37, sim: 0.7599999904632568","Is the hospital the hospital mentioned?| bleu: 8.64, sim: 0.9200000166893005","Was this in the hospital?| bleu: 17.97, sim: 0.9399999976158142","Is the hospital a hospital?| bleu: 32.47, sim: 0.9700000286102295","Is this situation effective?| bleu: 23.64, sim: 0.27000001072883606"
61,"What bank is sponsoring the venue?| bleu: 100.0, sim: 1.0","Which bank is near?| bleu: 15.85, sim: 0.6299999952316284","Cancel Group Change?| bleu: 7.55, sim: 0.03999999910593033","Where then were your feet in? Where is the work, and where were their away?| bleu: 2.83, sim: 0.20999999344348907","What, though, about paying taxes?| bleu: 6.57, sim: 0.3100000023841858","What causes divisions?| bleu: 8.97, sim: 0.07000000029802322","What can cause a serious problem?| bleu: 7.81, sim: 0.10000000149011612","What money is given?| bleu: 9.42, sim: 0.49000000953674316","What methods do we receive in the spirit realm?| bleu: 5.52, sim: 0.07999999821186066","What is the most important thing we must do?| bleu: 5.93, sim: 0.1599999964237213","What damage does the earth provide?| bleu: 8.64, sim: 0.10000000149011612"
62,"What color are the traffic lights?| bleu: 100.0, sim: 1.0","What kind of cars do you have?| bleu: 6.57, sim: 0.30000001192092896","Do you want to empty the trash before you unmount?| bleu: 4.46, sim: 0.0","""What does the carpenter do in the day? What is the vain in the light?| bleu: 2.83, sim: 0.23000000417232513","What do these lamps represent?| bleu: 8.17, sim: 0.47999998927116394","What opportunity have they made?| bleu: 8.17, sim: 0.20000000298023224","Which of them were white?| bleu: 6.87, sim: 0.33000001311302185","What is the journey?| bleu: 9.42, sim: 0.27000001072883606","What does the unintentional manslayer represent?| bleu: 8.64, sim: 0.10000000149011612","Who are those who are on the streets?| bleu: 6.27, sim: 0.3700000047683716","What are the lights that shed light on us?| bleu: 10.55, sim: 0.5699999928474426"
63,"What color is the sink?| bleu: 100.0, sim: 1.0","What color is horse's horse?| bleu: 32.47, sim: 0.2199999988079071","What is your SIP account password?| bleu: 8.64, sim: 0.38999998569488525","Where is hope? where is the waters that sink?| bleu: 10.6, sim: 0.47999998927116394","What problem arose?| bleu: 11.52, sim: 0.20999999344348907","What can we do to succeed?| bleu: 7.81, sim: 0.1899999976158142","What does the Bible say?| bleu: 10.68, sim: 0.18000000715255737","What can we learn from Paul's example?| bleu: 6.57, sim: 0.25999999046325684","How does a person's color shine?| bleu: 7.81, sim: 0.5","What are some recreation and entertainment?| bleu: 7.81, sim: 0.10000000149011612","What tools have been made to many people?| bleu: 5.67, sim: 0.10999999940395355"
64,"What game is this?| bleu: 100.0, sim: 1.0","What today is today?| bleu: 14.06, sim: 0.3100000023841858","Clear this criterion?| bleu: 14.79, sim: 0.20999999344348907","Where are ye? and what doth this, what shall I do?| bleu: 3.38, sim: 0.4399999976158142","How might that be illustrated?| bleu: 8.12, sim: 0.33000001311302185","What is this career?| bleu: 25.41, sim: 0.5099999904632568","What are these qualities?| bleu: 12.7, sim: 0.3700000047683716","What is this form of recreation?| bleu: 15.62, sim: 0.4099999964237213","What happened?| bleu: 0.0, sim: 0.5199999809265137","What is that?| bleu: 16.37, sim: 0.550000011920929","What was my mother's response?| bleu: 9.65, sim: 0.3100000023841858"
65,"What is the man catching?| bleu: 100.0, sim: 1.0","Who's that man standing over there?| bleu: 7.81, sim: 0.25999999046325684","What is your Group?| bleu: 19.36, sim: 0.18000000715255737","How can a man interpret his cause?| bleu: 6.57, sim: 0.25999999046325684","What was that man's clothing?| bleu: 9.65, sim: 0.2199999988079071","What does a man understand?| bleu: 10.68, sim: 0.30000001192092896","What makes a friendship possible?| bleu: 9.65, sim: 0.1599999964237213","What does the man want?| bleu: 19.3, sim: 0.4099999964237213","What is the result?| bleu: 34.98, sim: 0.2199999988079071","What did the man do?| bleu: 19.3, sim: 0.3700000047683716","What man is the man with whom he is walking?| bleu: 15.85, sim: 0.2800000011920929"
66,"How many people are in the image?| bleu: 100.0, sim: 1.0","How many people are there in there?| bleu: 38.26, sim: 0.8899999856948853","What is he that believed in the name?| bleu: 10.55, sim: 0.3100000023841858","What is there among the idols? or what is there among the idols?| bleu: 3.13, sim: 0.33000001311302185","How have many been created in God's image?| bleu: 11.99, sim: 0.4399999976158142","How are many people like the image of the image?| bleu: 19.08, sim: 0.6000000238418579","But what if so many people are like this image?| bleu: 17.54, sim: 0.6899999976158142","How many people live in an image?| bleu: 27.05, sim: 0.8700000047683716","How were many created?| bleu: 7.72, sim: 0.5899999737739563","Why are many in God's image?| bleu: 14.32, sim: 0.4399999976158142","How many people are mentioned in this illustration?| bleu: 33.03, sim: 0.8700000047683716"
67,"What is the weather like in the picture?| bleu: 100.0, sim: 1.0","What's the picture in the picture?| bleu: 32.67, sim: 0.5199999809265137","Applet IIDs?| bleu: 0.0, sim: 0.019999999552965164","Shall not darkness be moved as darkness? and to what shall they be as the mire of the streets?| bleu: 2.39, sim: 0.10999999940395355","What situation do you imagine?| bleu: 5.85, sim: 0.44999998807907104","What can be said about the environment?| bleu: 6.41, sim: 0.47999998927116394","What, though, is like the wind?| bleu: 7.13, sim: 0.5600000023841858","Likely, what is hope?| bleu: 5.85, sim: 0.3199999928474426","What do the weather seem to be?| bleu: 11.59, sim: 0.8999999761581421","What is the wind?| bleu: 19.2, sim: 0.5600000023841858","What is the climate like that?| bleu: 20.87, sim: 0.7799999713897705"
68,"What's in the oven?| bleu: 100.0, sim: 1.0","What's in the park?| bleu: 42.73, sim: 0.05999999865889549","Would you like to run ""%s""?| bleu: 4.2, sim: 0.2800000011920929","What profit is there in the oven, that is in the midst of the furnace?| bleu: 9.15, sim: 0.6700000166893005","What happened to fire?| bleu: 10.68, sim: 0.6000000238418579","What should young ones do?| bleu: 8.12, sim: 0.14000000059604645","What was the Scriptural message?| bleu: 9.65, sim: 0.12999999523162842","What was done in hell?| bleu: 9.65, sim: 0.44999998807907104","What makes a person wearing the color of his skin?| bleu: 4.46, sim: 0.27000001072883606","What Makes the Theocratic Ministry School?| bleu: 7.81, sim: 0.25","What difference is there between humans?| bleu: 6.57, sim: 0.10000000149011612"
69,"What brand are the catcher's shoes?| bleu: 100.0, sim: 1.0","What sunglasses is that on?| bleu: 8.17, sim: 0.28999999165534973","Search the web| bleu: 0.0, sim: 0.09000000357627869","Shall his strength run upon a girdle? or his strength with a girdle?| bleu: 2.63, sim: 0.3100000023841858","What did one night say?| bleu: 8.17, sim: 0.12999999523162842","What was it?| bleu: 8.97, sim: 0.17000000178813934","What situations might arise when someone makes mistakes?| bleu: 5.67, sim: 0.09000000357627869","What must we do if we are to obtain clothing?| bleu: 4.93, sim: 0.28999999165534973","What were some things that were arrested?| bleu: 6.57, sim: 0.11999999731779099","What must you do when the sheep are broken?| bleu: 5.93, sim: 0.15000000596046448","What is one of the best ways?| bleu: 7.27, sim: 0.25"
70,"What is the man in the red shirt holding?| bleu: 100.0, sim: 1.0","Who was the man standing on the wall?| bleu: 10.15, sim: 0.2800000011920929","What shall the Son of man be?| bleu: 6.08, sim: 0.3700000047683716","What man is there to be, that he may be clean in Rebekah; and that he may not cleave to him?| bleu: 2.35, sim: 0.15000000596046448","What was the man's upper room in the cell?| bleu: 10.55, sim: 0.36000001430511475","What can a person do to protect him?| bleu: 5.07, sim: 0.30000001192092896","How does a person define it?| bleu: 4.28, sim: 0.30000001192092896","What is that?| bleu: 7.89, sim: 0.3400000035762787","What is the man who is strong?| bleu: 28.47, sim: 0.38999998569488525","What is the man in the parable of the leaven?| bleu: 47.99, sim: 0.33000001311302185","What is a husband's desire?| bleu: 9.22, sim: 0.38999998569488525"
71,"How high is the plane in the sky?| bleu: 100.0, sim: 1.0","How long is there in the bus?| bleu: 12.26, sim: 0.14000000059604645","What is it written in the book of the wilderness in the wilderness?| bleu: 7.14, sim: -0.029999999329447746","""Will the Most High go up to the sky? Or shall the height of the whole earth be made to the sky?| bleu: 6.02, sim: 0.699999988079071","Where can we benefit from the spirit realm?| bleu: 5.67, sim: 0.05999999865889549","How can we look at the roof of our house?| bleu: 4.93, sim: 0.3700000047683716","What good things are in heaven?| bleu: 5.87, sim: 0.3700000047683716","How extensive is the universe?| bleu: 11.71, sim: 0.4399999976158142","How do stars live in an earthly place?| bleu: 6.27, sim: 0.5","How can the stars help us?| bleu: 6.5, sim: 0.41999998688697815","How important is the heavenly place?| bleu: 11.74, sim: 0.28999999165534973"
72,"Is the giraffe taller than trees?| bleu: 100.0, sim: 1.0","How many apple trees are there in the garden?| bleu: 5.52, sim: 0.25","Wacom action-type| bleu: 0.0, sim: 0.029999999329447746","The spirit is better than the trees: and the height of the high places is better than the trees.| bleu: 2.39, sim: 0.3700000047683716","Could it be that trees are stronger than trees?| bleu: 15.62, sim: 0.49000000953674316","Was there a lot of trees like trees?| bleu: 9.54, sim: 0.36000001430511475","Is trees more dangerous than trees?| bleu: 26.27, sim: 0.38999998569488525","Is there a variety of trees?| bleu: 14.54, sim: 0.33000001311302185","Could trees have been more complex than trees?| bleu: 17.75, sim: 0.44999998807907104","Can a King's Kingdom Hall become a Kingdom Hall?| bleu: 4.2, sim: 0.11999999731779099","Are the trees cut off from trees?| bleu: 12.22, sim: 0.10000000149011612"
73,"What is the green food on the plate?| bleu: 100.0, sim: 1.0","How many garden are there in the garden?| bleu: 5.67, sim: 0.3100000023841858","Network Connections| bleu: 0.0, sim: 0.10999999940395355","If there is room, what is that you have, because you have bread for it?| bleu: 2.55, sim: 0.27000001072883606","What are the variety of foods that eats from various kinds of foods?| bleu: 3.74, sim: 0.5299999713897705","What makes food so dangerous?| bleu: 6.48, sim: 0.4000000059604645","What is the result of the provisions at the end of the universe?| bleu: 12.01, sim: 0.3100000023841858","What must we do if we eat and drink?| bleu: 4.99, sim: 0.28999999165534973","Where can food be satisfied?| bleu: 5.85, sim: 0.4699999988079071","Why is food important?| bleu: 6.32, sim: 0.4699999988079071","What is the meal?| bleu: 19.2, sim: 0.5199999809265137"
74,"Are the cows eating the grass?| bleu: 100.0, sim: 1.0","Are there eating grass on the grass?| bleu: 23.36, sim: 0.7099999785423279","Clear browsing history?| bleu: 7.55, sim: -0.05000000074505806","""How can the bull eat grass, or be made green?| bleu: 4.07, sim: 0.6000000238418579","What are the plants happy when they live on a place where they live?| bleu: 3.13, sim: 0.1599999964237213","Are you with me so far?| bleu: 7.81, sim: -0.05000000074505806","Do the cattle eat the weeds?| bleu: 8.64, sim: 0.75","Does the seed produce good results?| bleu: 7.81, sim: 0.2199999988079071","Could food be a fire?| bleu: 6.87, sim: 0.17000000178813934","Can You partake of the emblems?| bleu: 7.81, sim: 0.03999999910593033","Is Alcohol Taking Control?| bleu: 7.16, sim: 0.05999999865889549"
75,"Is this a real picture?| bleu: 100.0, sim: 1.0","Is this true story?| bleu: 19.36, sim: 0.5400000214576721","Do you like to run this application?| bleu: 6.57, sim: 0.15000000596046448","This is an contentions, and what shall this be? for what shall she do?| bleu: 2.72, sim: 0.15000000596046448","Is that true?| bleu: 11.52, sim: 0.6499999761581421","Is that not reasonable?| bleu: 10.4, sim: 0.49000000953674316","Is that happening?| bleu: 11.52, sim: 0.6600000262260437","But is that really so?| bleu: 8.12, sim: 0.6000000238418579","Is that true?| bleu: 11.52, sim: 0.6499999761581421","Is that true?| bleu: 11.52, sim: 0.6499999761581421","Will this really happen?| bleu: 10.4, sim: 0.47999998927116394"
76,"Is it six or twelve birds?| bleu: 100.0, sim: 1.0","You're three months or three, aren't you?| bleu: 5.67, sim: 0.25","Jesus answered them, ""Aren't you he twelve, one of you? Aren't he answered them, the twelve, and one of you?| bleu: 1.65, sim: 0.3199999928474426","Shall there be twelve birds, or twelve birds,| bleu: 15.62, sim: 0.8899999856948853","Is it really wise for six or six people?| bleu: 12.55, sim: 0.44999998807907104","Do these things matter no matter how many of them are?| bleu: 3.39, sim: 0.17000000178813934","Are they six feet or 12?| bleu: 8.64, sim: 0.6299999952316284","Six or six birds?| bleu: 17.03, sim: 0.7699999809265137","Does it matter six or six?| bleu: 15.62, sim: 0.49000000953674316","Are two of them two or two of them?| bleu: 4.99, sim: 0.03999999910593033","12 years of age, What Are the birds of heaven?| bleu: 4.03, sim: 0.7400000095367432"
77,"How many windows do you see?| bleu: 100.0, sim: 1.0","How many times do you know?| bleu: 19.64, sim: 0.38999998569488525","?????| bleu: 7.16, sim: 0.20999999344348907","""Why do you see many windows,| bleu: 25.85, sim: 0.7599999904632568","Do you see many more water available to you?| bleu: 9.98, sim: 0.36000001430511475","How do you describe those signs that are close to you?| bleu: 8.05, sim: 0.38999998569488525","Do you see more clearly in your experience?| bleu: 10.55, sim: 0.550000011920929","What can you do?| bleu: 9.42, sim: 0.20000000298023224","Do you see many cards?| bleu: 16.34, sim: 0.4000000059604645","How do you react?| bleu: 17.03, sim: 0.23000000417232513","How do you feel about the many nations?| bleu: 11.99, sim: 0.25"
78,"What color is the tie?| bleu: 100.0, sim: 1.0","What color is that color?| bleu: 32.47, sim: 0.4399999976158142","What is your Facebook username?| bleu: 10.68, sim: 0.1599999964237213","Is there any thing to Tema, that you ask him?| bleu: 3.39, sim: 0.1899999976158142","What relationship promotes our relationship with others?| bleu: 6.57, sim: 0.23000000417232513","What can we learn from this?| bleu: 7.81, sim: 0.09000000357627869","What are some things that lead to appealing?| bleu: 5.67, sim: 0.23000000417232513","Why can it be said that Jehovah's way of doing his will is in harmony with his purpose?| bleu: 2.41, sim: 0.14000000059604645","What does it mean to be a person?| bleu: 5.67, sim: 0.25999999046325684","What view is found in Paul's So Paulo?| bleu: 6.27, sim: 0.12999999523162842","How did people describe the account?| bleu: 7.81, sim: 0.15000000596046448"
79,"Why are the men in suits so overweight?| bleu: 100.0, sim: 1.0","Why did you do so many things about you?| bleu: 5.52, sim: 0.1599999964237213","What is your Jabber password?| bleu: 4.92, sim: 0.10000000149011612","Why do men stand here by the sea? How can they wait for the people?| bleu: 3.23, sim: 0.23999999463558197","Why are these men among them?| bleu: 11.74, sim: 0.33000001311302185","Why were men involved in things that were not true?| bleu: 5.3, sim: 0.36000001430511475","Why do these men feel that way?| bleu: 6.41, sim: 0.4399999976158142","Why can men in such areas not claim to be hypocrites?| bleu: 8.05, sim: 0.3700000047683716","Why is it good for men to do so?| bleu: 5.93, sim: 0.4399999976158142","Why have humans been guided by the influence of evil?| bleu: 4.93, sim: 0.009999999776482582","Why should husbands do so?| bleu: 6.48, sim: 0.3100000023841858"
80,"How many fruits are on this plate?| bleu: 100.0, sim: 1.0","How many pandas are there in this room?| bleu: 11.99, sim: 0.3700000047683716","What is your Jabber password?| bleu: 5.82, sim: 0.05000000074505806","What will be the fruit of the mountain, which is on the top of the pillars?| bleu: 2.55, sim: 0.47999998927116394","What are many fruit?| bleu: 7.72, sim: 0.8399999737739563","How does the fruitage of the spirit bring happiness?| bleu: 4.99, sim: 0.47999998927116394","How do many fruitage differ from those examples?| bleu: 6.27, sim: 0.7099999785423279","What are some of these?| bleu: 6.92, sim: 0.09000000357627869","How are many kinds of fruit done?| bleu: 7.81, sim: 0.800000011920929","How do the fruitage of these fruitage produce?| bleu: 5.67, sim: 0.7099999785423279","How do many fruit work on its fruitage?| bleu: 6.74, sim: 0.7799999713897705"
81,"What colors decorate the cake?| bleu: 100.0, sim: 1.0","What was the love of that letter?| bleu: 7.27, sim: 0.30000001192092896","Use own fonts| bleu: 0.0, sim: 0.14000000059604645","Can you eat the leavened bread with your yeast? Or how will you hold the yeast of the yeast?| bleu: 2.16, sim: 0.27000001072883606","How do people feel when they go to a stable place?| bleu: 3.39, sim: 0.1899999976158142","What opportunity did the apostles make?| bleu: 8.64, sim: 0.1599999964237213","What Are some of the works?| bleu: 8.64, sim: 0.28999999165534973","What is that?| bleu: 11.52, sim: 0.12999999523162842","What makes people feel worthless?| bleu: 9.65, sim: 0.009999999776482582","What Is True Worship About God's Kingdom?| bleu: 6.57, sim: 0.23999999463558197","What are these types of horses?| bleu: 7.81, sim: 0.20999999344348907"
82,"How many pillows are seen?| bleu: 100.0, sim: 1.0","How died?| bleu: 0.0, sim: 0.029999999329447746","Have any of the rulers or of the rulers believed on him?| bleu: 3.09, sim: 0.3100000023841858","Or what did you see, when you saw it?| bleu: 3.75, sim: 0.2800000011920929","How did this comforted many?| bleu: 10.68, sim: 0.28999999165534973","How does many publications seem to be found?| bleu: 6.27, sim: 0.38999998569488525","How have many songs been seen?| bleu: 15.62, sim: 0.41999998688697815","How have many shown honesty?| bleu: 10.68, sim: 0.33000001311302185","How do many hairs seem to be seen?| bleu: 11.34, sim: 0.5099999904632568","How do many diseases affect most people?| bleu: 7.27, sim: 0.25999999046325684","How is different from various languages evident?| bleu: 6.57, sim: 0.30000001192092896"
83,"What type of animal is in the scene?| bleu: 100.0, sim: 1.0","What is the animal in the animal?| bleu: 12.83, sim: 0.8600000143051147","Run Software?| bleu: 0.0, sim: 0.10000000149011612","Isn't the animals of the field, the animals of the field after its kind?| bleu: 3.22, sim: 0.4699999988079071","What happens to animals?| bleu: 5.71, sim: 0.7200000286102295","What is the situation?| bleu: 6.79, sim: 0.44999998807907104","What happened to the wild beast?| bleu: 6.5, sim: 0.5199999809265137","What kinds of animals are in this situation?| bleu: 6.74, sim: 0.8399999737739563","What happens when an animal is given?| bleu: 11.59, sim: 0.6299999952316284","And what animal animal animal life?| bleu: 5.87, sim: 0.7400000095367432","Which animal?| bleu: 0.0, sim: 0.8700000047683716"
84,"How many boats are in the water?| bleu: 100.0, sim: 1.0","How many water are there in the garden?| bleu: 15.51, sim: 0.36000001430511475","Display a swimming fish?| bleu: 5.86, sim: 0.4300000071525574","""Where is the Philistines here, and the Philistines are gathered together in the waters?| bleu: 5.44, sim: 0.3400000035762787","How does the boat flow the water?| bleu: 22.09, sim: 0.7099999785423279","How do many people use water?| bleu: 13.54, sim: 0.5400000214576721","How were many people affected by water baptism?| bleu: 6.74, sim: 0.4000000059604645","What are included in those who hunger for water?| bleu: 9.98, sim: 0.3700000047683716","How will many water be dangerous?| bleu: 8.05, sim: 0.3799999952316284","How have thousands of thousands of watered down water?| bleu: 9.29, sim: 0.18000000715255737","How do many people ride to water?| bleu: 13.13, sim: 0.5699999928474426"
85,"What is the woman taking a picture of?| bleu: 100.0, sim: 1.0","What is that picture of that picture?| bleu: 14.58, sim: 0.7200000286102295","What is this review?| bleu: 10.62, sim: 0.27000001072883606","And how then shall the woman be? for she shall be called a maid.| bleu: 5.82, sim: 0.10000000149011612","What does the woman imagine?| bleu: 11.71, sim: 0.41999998688697815","What does the wife represent?| bleu: 6.48, sim: 0.3499999940395355","What happened to a woman?| bleu: 6.96, sim: 0.3100000023841858","What does the woman represent?| bleu: 11.71, sim: 0.5099999904632568","What does the woman represent?| bleu: 11.71, sim: 0.5099999904632568","What did the woman think?| bleu: 11.71, sim: 0.4699999988079071","What did a wife say?| bleu: 6.48, sim: 0.25999999046325684"
86,"Are these professional baseball players?| bleu: 100.0, sim: 1.0","Does this type of type type type type type type type of goods have?| bleu: 2.63, sim: 0.20999999344348907","Are you sure you want to run the applet?| bleu: 4.99, sim: 0.07000000029802322","Are they wicked? Or are they wicked?| bleu: 5.67, sim: 0.11999999731779099","Do such religious leaders have prejudice?| bleu: 6.57, sim: 0.11999999731779099","Could it be hard to tell people who are with them?| bleu: 3.39, sim: 0.23000000417232513","Is this type of recreation a matter?| bleu: 5.52, sim: 0.15000000596046448","Is that true of those who work hard today?| bleu: 4.2, sim: 0.17000000178813934","Are such team ever important?| bleu: 9.65, sim: 0.28999999165534973","Did those spices help people?| bleu: 8.12, sim: 0.23999999463558197","The total number of people known is known?| bleu: 4.77, sim: 0.33000001311302185"
87,"Is this food sweet?| bleu: 100.0, sim: 1.0","Is this good food good to eat?| bleu: 13.13, sim: 0.7699999809265137","?????????????????????????????????????????????????????????????????????????????????????????????????????????????????????????????????????????????????????????????????????????????????????????????????????????????????????????????????????????????????????????????????????????????????????????????????????????????????????????????????????????????????????????????????????????????????????????????????????????????????????????????????????????????????????????????????????????????????????????????????????????????????????????????| bleu: 0.07, sim: 0.2199999988079071","What does it profit a man for good? Or what is it profit?| bleu: 2.63, sim: 0.3499999940395355","Is food well worth it?| bleu: 10.68, sim: 0.6700000166893005","Would it be enough to eat it?| bleu: 5.52, sim: 0.5799999833106995","Is that true?| bleu: 14.79, sim: 0.36000001430511475","Is it a source of happiness?| bleu: 7.81, sim: 0.5699999928474426","Are these food dangerous?| bleu: 12.7, sim: 0.5299999713897705","Is there anything more important?| bleu: 9.65, sim: 0.20999999344348907","Are such food more valuable?| bleu: 9.65, sim: 0.6000000238418579"
88,"Is this a modest young woman?| bleu: 100.0, sim: 1.0","Is that a woman?| bleu: 17.03, sim: 0.550000011920929","What is this?| bleu: 8.97, sim: 0.20999999344348907","""Why does this she do in the sight of a youth, since she is a young woman?| bleu: 8.1, sim: 0.4399999976158142","Was that young woman humble?| bleu: 15.21, sim: 0.7799999713897705","Is that modest, modest, humble, or modest?| bleu: 4.93, sim: 0.7799999713897705","Is this humble young girl humble?| bleu: 15.62, sim: 0.7699999809265137","Is this humble woman humble?| bleu: 16.34, sim: 0.7400000095367432","Is this young woman?| bleu: 33.52, sim: 0.5899999737739563","Would she be reasonable?| bleu: 7.16, sim: 0.6600000262260437","Was this young woman humble?| bleu: 16.34, sim: 0.7699999809265137"
89,"Are these flowers artificial?| bleu: 100.0, sim: 1.0","Are these sheep yours?| bleu: 23.64, sim: 0.23000000417232513","Clear the personal data you wish to clear?| bleu: 4.77, sim: 0.20999999344348907","Will they, who are left in the fell of the flower?| bleu: 3.09, sim: 0.49000000953674316","Can these flowers produce?| bleu: 23.64, sim: 0.8700000047683716","Would the clothes be like a meal?| bleu: 5.52, sim: 0.2199999988079071","Are the wild beast organized?| bleu: 9.65, sim: 0.14000000059604645","Are these desirable things?| bleu: 23.64, sim: 0.44999998807907104","Are these beautiful places?| bleu: 23.64, sim: 0.4399999976158142","How has the flowers increased?| bleu: 9.65, sim: 0.6800000071525574","Are these gifts included?| bleu: 23.64, sim: 0.41999998688697815"
90,"What is the book on?| bleu: 100.0, sim: 1.0","What book did you read in that book?| bleu: 6.27, sim: 0.7599999904632568","Software Centering software?| bleu: 9.69, sim: -0.009999999776482582","What does the Scripture mean, that the Scripture might be fulfilled?| bleu: 4.07, sim: 0.17000000178813934","What can we learn from the Bible?| bleu: 7.27, sim: 0.47999998927116394","What is the book?| bleu: 57.89, sim: 0.9200000166893005","What does the book say on this subject?| bleu: 11.99, sim: 0.8799999952316284","What is the basis for this work?| bleu: 22.09, sim: 0.3400000035762787","What book is there in the book of the book What Does the Bible Really Teach?| bleu: 5.75, sim: 0.5799999833106995","What Does the Bible Really Teach?| bleu: 8.64, sim: 0.4699999988079071","What is it?| bleu: 21.44, sim: 0.41999998688697815"
91,"Is there a phone on the table?| bleu: 100.0, sim: 1.0","Is there a pen on the table?| bleu: 50.0, sim: 0.6299999952316284","What is your Facebook password?| bleu: 5.82, sim: 0.44999998807907104","""Is the lampstand over the table, and the lampstand over it?| bleu: 6.75, sim: 0.550000011920929","Have anyone come to his house?| bleu: 5.69, sim: 0.36000001430511475","Would you like to call me phone?| bleu: 6.57, sim: 0.6000000238418579","Are you offering a meal with a meal?| bleu: 5.67, sim: 0.28999999165534973","Does anyone call it a book?| bleu: 6.77, sim: 0.33000001311302185","Is there any human?| bleu: 12.98, sim: 0.5","Do you use a phone phone, a cell phone, or a cell phone?| bleu: 5.41, sim: 0.75","Is there anything we can eat?| bleu: 12.6, sim: 0.36000001430511475"
92,"What are the kids in?| bleu: 100.0, sim: 1.0","What are children in the children?| bleu: 16.52, sim: 0.8500000238418579","Update Bookmark?| bleu: 0.0, sim: 0.2199999988079071","What profit has a young goat, or a son of goats?| bleu: 3.67, sim: 0.18000000715255737","How do children feel when they live with their parents?| bleu: 3.75, sim: 0.5","What do children do?| bleu: 10.4, sim: 0.8100000023841858","What do children do?| bleu: 10.4, sim: 0.8100000023841858","What Is Children?| bleu: 11.52, sim: 0.7799999713897705","What was the situation of children?| bleu: 8.64, sim: 0.7699999809265137","What are children doing?| bleu: 19.36, sim: 0.8500000238418579","What challenges do children face?| bleu: 9.65, sim: 0.7599999904632568"
93,"Is the person alone?| bleu: 100.0, sim: 1.0","Was he that man?| bleu: 10.68, sim: 0.3400000035762787","What is your Google ID?| bleu: 8.12, sim: 0.20000000298023224","For one is one flesh, and one Lord.| bleu: 2.1, sim: 0.14000000059604645","Was the only person alone?| bleu: 32.47, sim: 0.8899999856948853","Is this man the only person?| bleu: 9.29, sim: 0.5699999928474426","Is he just a human?| bleu: 9.65, sim: 0.4399999976158142","Is there only one?| bleu: 12.7, sim: 0.6100000143051147","Is only one alone?| bleu: 23.64, sim: 0.6899999976158142","Does he simply be the only person?| bleu: 7.27, sim: 0.5600000023841858","Who is the man?| bleu: 12.7, sim: 0.3700000047683716"
94,"Is the train 1 color?| bleu: 100.0, sim: 1.0","What's the name of the fax?| bleu: 7.81, sim: 0.3100000023841858","Wacom action-type| bleu: 0.0, sim: 0.019999999552965164","Can a young man pluck away from his son?| bleu: 4.2, sim: 0.10000000149011612","How does training train others?| bleu: 9.65, sim: 0.10999999940395355","Can you train yourself to January 1, 2010, 3 / 1, 12 / 1, 8 / 1, 8 / 1, 8 / 1, 8 / 1, 8 / 1, 8 / 1, 8 / 1, 8 / 1, 8 / 1, 12 / 1, 8 / 1, 8 / 1, 8 / 1, 8 / 1, 8 / 1, 8 / 1, 12 / 1, 8 / 1, 8 / 1, 8 / 1, 12 / 1, 12 / 1, 12 / 1, 12 / 1, 12 / 1, 8 / 1, 8 / 1, 8 / 1, 12 / 1, 12 / 1, 12 / 1, 12 / 1, 12 / 1, 12 / 1, 8 / 1, 12 / 1, 8 / 1, 12 / 1, 12 / 1, 12 / 1, 12 / 1, 8 / 1, 8 / 1, 8 / 1, 8 / 1, 8 / 1, 12 / 1, 8 / 1, 8 / 1, 12 / 1, 12 / 1, 12 / 1, 12 / 1, 12 / 1, 12 / 1, 12 / 1, 12 / 1, 12 / 1, 12 / 1, 12 / 1, 12 / 1, 8 / 1, 12 / 1, 12 / 1, 8 / 1, 12 / 1, 12 / 1, 12 / 1, 12 / 1, 12 / 1, 12 / 1, 12 / 1, 8 / 1, 8 / 1, 8 / 1, 8 / 1, 8 / 1, 12 / 1, 12 / 1, 12 / 1, 12 / 1, 12 / 1, 12 / 1, 8 / 1, 8 / 1, 12 / 1, 12 / 1, 12 / 1, 12 / 1, 12 / 1, 12 / 1, 8 / 1, 8 / 1, 12 / 1, 8 / 1, 8 / 1, 12 / 1, 12 / 1, 8 / 1, 8 / 1, 8 / 1, 8 / 1, 8 / 1, 8 / 1, 8 / 1, 12 / 1, 12 / 1, 12 / 1, 8 / 1, 12 / 1, 12 / 1, 8 / 1, 12 / 1, 12 / 1, 12 / 1, 12 / 1, 12 / 1, 12 / 1, 12 / 1, 8 / 1, 12 / 1, 12 / 1, 8 / 1, 8| bleu: 0.08, sim: 0.18000000715255737","1 / 1| bleu: 0.0, sim: 0.36000001430511475","Is the training they receive best?| bleu: 14.54, sim: 0.17000000178813934","Where is the color of the heavens?| bleu: 7.27, sim: 0.3799999952316284","Would training be effective?| bleu: 8.75, sim: 0.17000000178813934","Are you making good use of the Scriptures?| bleu: 5.67, sim: 0.11999999731779099"
95,"Are the flowers open?| bleu: 100.0, sim: 1.0","Is the store closed?| bleu: 12.7, sim: 0.009999999776482582","Do you really want to remove the group '%s'?| bleu: 4.03, sim: 0.05000000074505806","Can the flower thereof open? or that the flower thereof may be opened?| bleu: 5.82, sim: 0.8199999928474426","Does such flowers have to pay taxes?| bleu: 6.57, sim: 0.4300000071525574","Is it enough to provide spiritual food?| bleu: 5.52, sim: 0.2199999988079071","Does It Matter in Your Heart?| bleu: 6.57, sim: 0.20999999344348907","Do you think of the tree of the knowledge of good and bad?| bleu: 3.38, sim: 0.2800000011920929","Is it best?| bleu: 12.44, sim: 0.28999999165534973","Can the flowers open the way?| bleu: 26.27, sim: 0.8799999952316284","Is this scripture opening up?| bleu: 8.12, sim: 0.3400000035762787"
96,"What color is the sweater that the person is wearing?| bleu: 100.0, sim: 1.0","What color color is that red color?| bleu: 11.35, sim: 0.28999999165534973","What is your Facebook username?| bleu: 4.64, sim: 0.25999999046325684","For what does it profit a man, that he may be moved?| bleu: 3.38, sim: 0.07000000029802322","What might a person wear?| bleu: 4.64, sim: 0.5799999833106995","What makes someone like?| bleu: 3.83, sim: 0.33000001311302185","What does it mean to put on a person?| bleu: 5.0, sim: 0.3799999952316284","What is that?| bleu: 3.93, sim: 0.25","What is a modest person?| bleu: 4.99, sim: 0.1599999964237213","What sort of bread represents someone who is neatly dressed?| bleu: 4.93, sim: 0.3199999928474426","What is the best response to that person?| bleu: 10.05, sim: 0.27000001072883606"
97,"What color jacket is the boy wearing?| bleu: 100.0, sim: 1.0","What breed is the dog?| bleu: 13.83, sim: 0.3499999940395355","What is your Facebook username?| bleu: 7.65, sim: 0.23000000417232513","Can a child when he is a child, whether it is a child or a child?| bleu: 2.55, sim: 0.3499999940395355","What does a child wear?| bleu: 6.92, sim: 0.4699999988079071","What book does a child wear?| bleu: 6.77, sim: 0.3199999928474426","What responsibility does a young woman have?| bleu: 6.57, sim: 0.12999999523162842","How can we imitate Jesus?| bleu: 5.82, sim: 0.23000000417232513","What clothes wear?| bleu: 6.99, sim: 0.5199999809265137","Why is she dying?| bleu: 6.97, sim: -0.03999999910593033","What do the boy wear?| bleu: 13.83, sim: 0.7099999785423279"
98,"What color is the bowl?| bleu: 100.0, sim: 1.0","What color did the nails color?| bleu: 15.62, sim: 0.44999998807907104","What is your Jabber ID?| bleu: 10.68, sim: 0.3499999940395355","""What do you say about them, 'What are you two?'| bleu: 3.38, sim: 0.3100000023841858","What do those words mean?| bleu: 9.65, sim: 0.4000000059604645","What was it?| bleu: 11.52, sim: 0.41999998688697815","What is the air coming up?| bleu: 15.62, sim: 0.20000000298023224","What is represented by the cup of the cup?| bleu: 5.93, sim: 0.5","What might a person's colorful color have?| bleu: 7.27, sim: 0.5600000023841858","What is the spirit of the world?| bleu: 13.13, sim: 0.3400000035762787","What is their methods?| bleu: 11.51, sim: 0.3499999940395355"
99,"Is the bear standing on ice?| bleu: 100.0, sim: 1.0","Are the stars bright?| bleu: 8.52, sim: 0.09000000357627869","What is your Group ID?| bleu: 6.87, sim: 0.03999999910593033","Isn't the ice left in the ice, because it doesn't endure?| bleu: 4.07, sim: 0.5199999809265137","How often is the hope standing in it?| bleu: 6.27, sim: 0.07000000029802322","Do we have a clean conscience?| bleu: 6.57, sim: 0.15000000596046448","Do we have a position to grow?| bleu: 5.52, sim: 0.03999999910593033","Where, then, can we find practical advice that will help us to stand firm?| bleu: 2.29, sim: 0.15000000596046448","Is it right?| bleu: 8.97, sim: 0.23000000417232513","Did this water go on walking?| bleu: 7.81, sim: 0.09000000357627869","Is it possible for the blind to lie?| bleu: 6.27, sim: -0.009999999776482582"
